Workbook
Name Slicer_Item: #N/A
Name Slicer_Month: #N/A
Name Slicer_Region: #N/A

Sheet ABOUT
D7: ABOUT
D11: Project Developer:- This Project is created by Shubham Garg.

Sheet SALESMAN
D7: ANALYTICS
D10: Total Amount | H10: Total Sales
D11: =GETPIVOTDATA("Amount",'PIVOT TABLE'!$E$2) -> 1782570 | H11: =GETPIVOTDATA("Qty",'PIVOT TABLE'!$E$5) -> 366

Sheet PRODUCTS
D7: ANALYTICS
D10: Total Amount | H10: Total Sales
D11: =GETPIVOTDATA("Amount",'PIVOT TABLE'!$E$2) -> 1782570 | H11: =GETPIVOTDATA("Qty",'PIVOT TABLE'!$E$5) -> 366

Sheet Dashboard
D7: ANALYTICS
D10: Total Amount | H10: Total Sales
D11: =GETPIVOTDATA("Amount",'PIVOT TABLE'!$E$2) -> 1782570 | H11: =GETPIVOTDATA("Qty",'PIVOT TABLE'!$E$5) -> 366

Sheet PIVOT TABLE
G1: sales by product | J1: sales by product | M1: 3 poor performing salesman
E2: Sum of Amount | G2: Row Labels | H2: Sum of Amount | J2: Row Labels | K2: Sum of Qty | M2: Row Labels | N2: Sum of Amount
A3: Row Labels | B3: Sum of Amount | E3: 1782570 | G3: Keyboard | H3: 0.014204211 | J3: Keyboard | K3: 132 | M3: Amit | N3: 184690
A4: Amit | B4: 184690 | G4: Monitor | H4: 0.19017486 | J4: Monitor | K4: 251 | M4: Chandu | N4: 125600
A5: Chandu | B5: 125600 | E5: Count of Qty | G5: Mouse | H5: 0.037109342 | J5: Mouse | K5: 319 | M5: Ramesh | N5: 139880
A6: Ramesh | B6: 139880 | E6: 366 | G6: Printer | H6: 0.52424309 | J6: Printer | K6: 445 | M6: Grand Total | N6: 450170
A7: Grand Total | B7: 450170 | G7: Scanner | H7: 0.1975799 | J7: Scanner | K7: 242
G8: Speaker | H8: 0.036688601 | J8: Speaker | K8: 218 | M8: Top 3 performing salesman
G9: Grand Total | H9: 1 | J9: Grand Total | K9: 1607 | M9: Row Labels | N9: Sum of Amount
G10: Sales by region | J10: top 3 Selling Products | M10: Ajit Kumar | N10: 386030
G11: Row Labels | H11: Sum of Amount | J11: Row Labels | K11: Sum of Qty | M11: Rohit Das | N11: 394410
G12: East | H12: 736080 | J12: Monitor | K12: 251 | M12: Siddhu | N12: 551960
G13: North | H13: 203680 | J13: Mouse | K13: 319 | M13: Grand Total | N13: 1332400
G14: South | H14: 335480 | J14: Printer | K14: 445
G15: West | H15: 507330 | J15: Grand Total | K15: 1015 | M15: Row Labels | N15: Sum of Amount
G16: Grand Total | H16: 1782570 | M16: Ajit Kumar | N16: 386030
G17: Sales By Month | J17: Row Labels | K17: Sum of Qty | M17: Amit | N17: 184690
G18: Row Labels | H18: Sum of Amount | J18: Keyboard | K18: 132 | M18: Chandu | N18: 125600
G19: Jan | H19: 143130 | J19: Scanner | K19: 242 | M19: Ramesh | N19: 139880
G20: Feb | H20: 224470 | J20: Speaker | K20: 218 | M20: Rohit Das | N20: 394410
G21: Mar | H21: 86100 | J21: Grand Total | K21: 592 | M21: Siddhu | N21: 551960
G22: Apr | H22: 153530 | M22: Grand Total | N22: 1782570
G23: May | H23: 110160
G24: Jun | H24: 118530
G25: Jul | H25: 130100
G26: Aug | H26: 156300
G27: Sep | H27: 223770
G28: Oct | H28: 197350
G29: Nov | H29: 31520
G30: Dec | H30: 207610
G31: Grand Total | H31: 1782570

Sheet DATA
A1: S No | B1: Date | C1: Salesman | D1: Region | E1: Item | F1: Qty | G1: Price | H1: Amount | I1: Month
A2: 1 | B2: 44197 | C2: Ajit Kumar | D2: East | E2: Mouse | F2: 7 | G2: 210 | H2: 1470 | I2: =TEXT(B2,"MMM") -> Jan
A3: 2 | B3: 44198 | C3: Rohit Das | D3: West | E3: Printer | F3: 6 | G3: 2100 | H3: 12600 | I3: =TEXT(B3,"MMM") -> Jan
A4: 3 | B4: 44199 | C4: Ramesh | D4: East | E4: Monitor | F4: 5 | G4: 1200 | H4: 6000 | I4: =TEXT(B4,"MMM") -> Jan
A5: 4 | B5: 44200 | C5: Amit | D5: West | E5: Scanner | F5: 4 | G5: 1500 | H5: 6000 | I5: =TEXT(B5,"MMM") -> Jan
A6: 5 | B6: 44201 | C6: Chandu | D6: East | E6: Speaker | F6: 3 | G6: 300 | H6: 900 | I6: =TEXT(B6,"MMM") -> Jan
A7: 6 | B7: 44202 | C7: Siddhu | D7: East | E7: Keyboard | F7: 2 | G7: 190 | H7: 380 | I7: =TEXT(B7,"MMM") -> Jan
A8: 7 | B8: 44203 | C8: Ajit Kumar | D8: East | E8: Mouse | F8: 7 | G8: 210 | H8: 1470 | I8: =TEXT(B8,"MMM") -> Jan
A9: 8 | B9: 44204 | C9: Rohit Das | D9: West | E9: Printer | F9: 6 | G9: 2100 | H9: 12600 | I9: =TEXT(B9,"MMM") -> Jan
A10: 9 | B10: 44205 | C10: Ramesh | D10: West | E10: Monitor | F10: 5 | G10: 1200 | H10: 6000 | I10: =TEXT(B10,"MMM") -> Jan
A11: 10 | B11: 44206 | C11: Amit | D11: East | E11: Scanner | F11: 4 | G11: 1500 | H11: 6000 | I11: =TEXT(B11,"MMM") -> Jan
A12: 11 | B12: 44207 | C12: Chandu | D12: East | E12: Speaker | F12: 3 | G12: 300 | H12: 900 | I12: =TEXT(B12,"MMM") -> Jan
A13: 12 | B13: 44208 | C13: Siddhu | D13: West | E13: Keyboard | F13: 2 | G13: 190 | H13: 380 | I13: =TEXT(B13,"MMM") -> Jan
... A367: 366 | B367: 44562 | C367: Rohit Das | D367: South | E367: Scanner | F367: 5 | G367: 1500 | H367: 7500 | I367: =TEXT(B367,"MMM") -> Jan
